<?xml version="1.0" encoding="UTF-8"?>
<sltp_graph version="1.1" packageUris="http://schema.mathworks.com/mf0/sltp_mm/R2020b_202003251737">
  <sltp.mm.core.Context type="sltp.mm.core.Context" uuid="e1b8cc76-9aed-4b81-9409-34b3caaa0928">
    <priorityDirection>HighNumberLast</priorityDirection>
    <editorState type="sltp.mm.core.EditorState" uuid="d084c61d-fb9d-459c-8ba9-c846747e098b">
      <isSynchronized>true</isSynchronized>
    </editorState>
    <rootTask type="sltp.mm.core.Task" uuid="227b1267-44fe-4c7d-8d37-afeb6c11d462">
      <context type="sltp.mm.core.Context" uuid="e1b8cc76-9aed-4b81-9409-34b3caaa0928"/>
      <explicit>false</explicit>
      <name>Default</name>
      <priority>-2147483648</priority>
      <subgraph type="sltp.mm.core.Graph" uuid="a2103597-27fb-4f3e-bb0c-5baaea8a1dcd">
        <tasks type="sltp.mm.core.Task" uuid="16d9a1b3-9a8f-4d79-a7f6-7ba4c0b55ab7">
          <baseTask>true</baseTask>
          <context type="sltp.mm.core.Context" uuid="e1b8cc76-9aed-4b81-9409-34b3caaa0928"/>
          <explicit>false</explicit>
          <id>1</id>
          <isTimed>true</isTimed>
          <name>Cont</name>
          <priority>40</priority>
          <rates type="sltp.mm.core.Rate" uuid="efb455c8-3ff1-4cfc-80c9-dcb3c329dbb6">
            <annotation>Cont</annotation>
            <color>255</color>
            <hasBlocks>true</hasBlocks>
            <rateSpec type="sltp.mm.core.RateSpec">
              <period>0.0</period>
            </rateSpec>
            <sti>0</sti>
          </rates>
          <rates type="sltp.mm.core.Rate" uuid="69648b03-75cc-4969-b079-7b8679717571">
            <annotation>FiM</annotation>
            <color>-2139062017</color>
            <hasBlocks>true</hasBlocks>
            <rateSpec type="sltp.mm.core.RateSpec">
              <offset>1.0</offset>
              <period>0.0</period>
            </rateSpec>
            <sti>1</sti>
          </rates>
        </tasks>
      </subgraph>
    </rootTask>
  </sltp.mm.core.Context>
</sltp_graph>