<?xml version="1.0" encoding="UTF-8"?>
<sltp_editor version="1.1" packageUris="http://schema.mathworks.com/mf0/DiagramEditor/R2019a_20181107 http://schema.mathworks.com/mf0/SltpSyntax/R2020b_202005081148">
  <diagram.editor.model.Diagram type="diagram.editor.model.Diagram" uuid="ffd0e147-e8a9-4c0a-8511-796c4e1504b7">
    <entities type="diagram.editor.model.Entity" uuid="e0d8fb94-fce8-458b-9b1e-514cfd79d6d5">
      <position>0,0</position>
      <size>0,0,0,0</size>
      <syntaxElement type="sltp.mm.syntax.Node" uuid="1d0008fc-dd1a-4f88-bb23-31d25e2939a7"/>
      <title>Cont</title>
      <type>base</type>
      <subDiagram type="diagram.editor.model.Diagram" uuid="dd1a8459-a4b9-42da-84d0-fbe94275ddb9">
        <position>0,0</position>
        <syntaxElement type="sltp.mm.syntax.Graph" uuid="88cd648e-750b-4411-90bf-69d95438e50d"/>
        <title>Cont</title>
        <type>graph.Graph</type>
      </subDiagram>
    </entities>
    <syntaxElement type="sltp.mm.syntax.Graph" uuid="9acf5b39-d7a7-4fcd-8880-07911c7cbec1"/>
    <title>Default</title>
    <type>graph.Graph</type>
  </diagram.editor.model.Diagram>
  <sltp.mm.syntax.Context type="sltp.mm.syntax.Context" uuid="dfa1abb3-b6ac-4f95-85bf-c95f690774ce">
    <rootGraph type="sltp.mm.syntax.Graph" uuid="9acf5b39-d7a7-4fcd-8880-07911c7cbec1">
      <children type="sltp.mm.syntax.Node" uuid="1d0008fc-dd1a-4f88-bb23-31d25e2939a7">
        <priority>40</priority>
        <rates type="sltp.mm.syntax.RateData">
          <color>#000000</color>
          <hasBlocks>true</hasBlocks>
          <rate>0</rate>
          <title>Cont</title>
        </rates>
        <rates type="sltp.mm.syntax.RateData">
          <color>#808080</color>
          <hasBlocks>true</hasBlocks>
          <rate>[0, 1]</rate>
          <title>FiM</title>
        </rates>
        <title>Cont</title>
        <type>base</type>
        <diagramElement type="diagram.editor.model.Entity" uuid="e0d8fb94-fce8-458b-9b1e-514cfd79d6d5"/>
        <subgraph type="sltp.mm.syntax.Graph" uuid="88cd648e-750b-4411-90bf-69d95438e50d">
          <title>Cont</title>
          <diagramElement type="diagram.editor.model.Diagram" uuid="dd1a8459-a4b9-42da-84d0-fbe94275ddb9"/>
        </subgraph>
      </children>
      <title>Default</title>
      <diagramElement type="diagram.editor.model.Diagram" uuid="ffd0e147-e8a9-4c0a-8511-796c4e1504b7"/>
    </rootGraph>
  </sltp.mm.syntax.Context>
</sltp_editor>